email;uName;phoneNumber;uAddress;iName
bo.ondricka13@gmail.com;Bo Ondricka;1-255-831-7174;792 Elvina Common Suite 434, Montreal, QC, H4D5M7;Corwin College
tambra.bailey02@icloud.com;Tambra Bailey;346-618-9106;4300 Hermiston Hollow Suite 219, Montreal, QC, H1Q1V7;Haag Institute
richelle.lubowitz92@outlook.com;Richelle Lubowitz;1-214-461-8498;20493 Bernhard Dale Suite 191, Montreal, QC, H8R0Q1;South Ontario Institute
harold.nienow43@icloud.com;Harold Nienow;069-912-4650;262 Archie Trace Suite 327, Montreal, QC, H5F0O6;Northern Streich University
krista.bosco32@gmail.com;Krista Bosco;1-589-277-1367;572 Bartell Fall Apt. 659, Montreal, QC, H7W6O7;Southern Schuster Institute
jacques.bailey82@gmail.com;Jacques Bailey;709-982-3064;3818 Ira Glen Suite 191, Montreal, QC, H0V2F3;Corwin University
winfred.marquardt54@mail.com;Winfred Marquardt;1-435-196-4399;332 Herzog Center Suite 821, Montreal, QC, H3K6W1;The Green
denisha.vandervort45@icloud.com;Denisha Vandervort;1-721-128-8179;50953 Dianna Tunnel Suite 226, Montreal, QC, H8B8L0;North Ontario Institute
maynard.kunze98@outlook.com;Maynard Kunze;259-701-6288;410 Koss Drives Apt. 981, Montreal, QC, H3M4A0;Southern Schuster Institute
andria.littel64@icloud.com;Andria Littel;883-801-7639;6295 Brant Walk Suite 851, Montreal, QC, H3V7C2;Fisher College
julius.jenkins94@outlook.com;Julius Jenkins;1-141-565-5203;101 Neville Grove Apt. 023, Montreal, QC, H2W5K7;Corwin University
keiko.rath65@mail.com;Keiko Rath;894-193-8433;2319 Mertz Mills Suite 620, Montreal, QC, H6K4S2;Northern Streich University
tiffani.orn58@outlook.com;Tiffani Orn;505-991-2941;64172 Arnold Roads Suite 027, Montreal, QC, H5Z5W8;Eastern Brown
roberto.konopelski57@icloud.com;Roberto Konopelski;646-580-6736;004 Herschel Pine Apt. 570, Montreal, QC, H7C0E4;Corwin University
gianna.kihn25@gmail.com;Gianna Kihn;927-295-9714;4166 Joesph Bypass Apt. 183, Montreal, QC, H5C9Z2;Southern Schuster Institute
hettie.sanford58@gmail.com;Hettie Sanford;1-960-418-5630;5026 Bradly Rue Suite 689, Montreal, QC, H3M1M8;Southern Senger College
wilhelmina.bernhard98@outlook.com;Wilhelmina Bernhard;423-107-6147;697 Shanel Well Apt. 334, Montreal, QC, H1L8U6;Corwin University
emory.jaskolski50@mail.com;Emory Jaskolski;1-269-991-9537;6427 Stoltenberg Plaza Suite 571, Montreal, QC, H1I4B2;South Ontario Institute
hans.rempel62@icloud.com;Hans Rempel;956-007-9555;4636 Ali Bridge Suite 658, Montreal, QC, H1U4G9;Southern Senger College
corey.jast05@icloud.com;Corey Jast;979-836-1731;7137 Breitenberg Square Apt. 716, Montreal, QC, H3F2A2;The Green
william.kuphal37@gmail.com;William Kuphal;900-377-7625;239 Christinia Fall Suite 049, Montreal, QC, H8X7R3;Eastern Prince Edward Island University
reba.casper55@mail.com;Reba Casper;840-336-9682;773 Merrill Trail Apt. 247, Montreal, QC, H9Y3Y2;Western Yukon Institute
armida.bosco77@outlook.com;Armida Bosco;933-378-8369;382 Kelli Well Apt. 245, Montreal, QC, H6E6W0;Bednar University
heide.batz78@mail.com;Heide Batz;1-524-591-2332;8942 Mervin Meadow Apt. 043, Montreal, QC, H1W3P4;East Boehm Academy
doretta.braun18@mail.com;Doretta Braun;308-506-1407;5114 Man Fords Apt. 344, Montreal, QC, H2F0Z2;Southern Senger College
karen.botsford50@mail.com;Karen Botsford;200-761-8883;96284 Johnson Trace Apt. 688, Montreal, QC, H1P8H1;The Parisian
arlen.jenkins02@outlook.com;Arlen Jenkins;1-509-213-2833;927 Cheryll Rue Suite 770, Montreal, QC, H3W8F7;South Quebec Institute
zoraida.lebsack42@gmail.com;Zoraida Lebsack;1-334-889-5687;8476 Tuyet Path Apt. 056, Montreal, QC, H4F2F9;West Legros
kenyetta.bauch87@icloud.com;Kenyetta Bauch;886-435-7975;562 Crooks Ports Apt. 152, Montreal, QC, H0H3N6;North Quebec College
stevie.runte13@outlook.com;Stevie Runte;199-367-8646;0008 Modesto Stravenue Suite 535, Montreal, QC, H0T3R8;West Newfoundland and Labrador University
deidra.legros62@icloud.com;Deidra Legros;167-978-0526;0958 Jessi Trace Apt. 874, Montreal, QC, H1X0Y6;Eastern Runolfsdottir College
waneta.kozey22@gmail.com;Waneta Kozey;1-661-038-4801;689 Walter Divide Suite 442, Montreal, QC, H0L0W1;Eastern Brown
ezequiel.ebert07@gmail.com;Ezequiel Ebert;661-290-7261;68261 Hong Land Apt. 747, Montreal, QC, H4F4B6;Southern Schuster Institute
eric.rutherford00@icloud.com;Eric Rutherford;699-640-0534;85565 Lynch Motorway Apt. 526, Montreal, QC, H0D6D1;Corwin College
luisa.ferry48@icloud.com;Luisa Ferry;1-459-980-4247;1239 Herman Ramp Apt. 689, Montreal, QC, H9K4G6;Eastern Prince Edward Island University
tiffani.thompson61@outlook.com;Tiffani Thompson;1-061-402-7820;015 Emile Brook Suite 486, Montreal, QC, H7M8O9;Northern Streich University
jess.feil10@mail.com;Jess Feil;661-119-8049;798 Arden Orchard Suite 880, Montreal, QC, H9T6A5;East Yukon College
nelson.turcotte22@icloud.com;Nelson Turcotte;979-753-6759;8911 Jonas Ports Apt. 993, Montreal, QC, H6Q3K2;South Quebec Institute
edwardo.swift91@gmail.com;Edwardo Swift;323-328-3882;272 Ngan Turnpike Apt. 595, Montreal, QC, H9V8H8;Western Yukon Institute
alene.runolfsson05@gmail.com;Alene Runolfsson;292-969-7995;139 Stevie Mills Suite 984, Montreal, QC, H8J2X2;The Parisian
