email;uName;phoneNumber;uAddress;maxBooks;iName
jerold.leffler77@mail.com;Jerold Leffler;017-172-3505;0029 Lockman Mission Apt. 364, Montreal, QC, H0C6E4;8;South Ontario Institute
javier.schuppe13@icloud.com;Javier Schuppe;1-718-559-8625;81973 Flora Flats Suite 063, Montreal, QC, H9V5G0;5;Pollich College
eldon.marks45@outlook.com;Eldon Marks;1-672-470-7905;416 Hector Dale Apt. 439, Montreal, QC, H1A1P3;6;Western Yukon Institute
donn.mckenzie52@mail.com;Donn McKenzie;253-894-0794;16032 Pollich Place Apt. 822, Montreal, QC, H3S1Q7;14;Southern Senger College
michal.hoeger93@mail.com;Michal Hoeger;1-523-884-8186;64974 Melinda Circles Apt. 418, Montreal, QC, H0I6B3;13;Southern Senger College
vada.gusikowski66@icloud.com;Vada Gusikowski;312-731-5719;3350 Darline Plains Apt. 803, Montreal, QC, H9G9F7;12;South Quebec Institute
andrew.quigley15@outlook.com;Andrew Quigley;1-062-731-2874;780 Sage Knolls Suite 503, Montreal, QC, H5X8Q6;9;East Yukon College
ima.kemmer13@mail.com;Ima Kemmer;281-115-2293;375 Weber Road Apt. 838, Montreal, QC, H7X9K4;12;East Krajcik Academy
alyse.denesik11@outlook.com;Alyse Denesik;587-487-1446;72302 Ricarda Isle Suite 094, Montreal, QC, H6R8H2;7;South Ontario Institute
bobby.gutmann76@mail.com;Bobby Gutmann;255-010-0203;9782 Cormier Falls Apt. 596, Montreal, QC, H0Y1R8;14;Bednar University
karisa.schaden63@outlook.com;Karisa Schaden;675-112-7786;926 Fay Freeway Suite 988, Montreal, QC, H1Q5I8;6;Southern Schuster Institute
shayna.treutel65@mail.com;Shayna Treutel;699-802-2340;89663 Jast Springs Suite 768, Montreal, QC, H6J1S7;14;Fisher College
stefanie.glover92@outlook.com;Stefanie Glover;1-192-416-3809;3363 Ebert Loaf Suite 964, Montreal, QC, H9S1I2;8;The Parisian
isaac.kovacek60@gmail.com;Isaac Kovacek;638-607-7402;7117 Monnie View Apt. 460, Montreal, QC, H7U0W5;9;Pollich College
season.gusikowski58@outlook.com;Season Gusikowski;1-864-286-9911;87659 Blick Parks Suite 512, Montreal, QC, H3M5H8;14;East Boehm Academy
colby.little66@outlook.com;Colby Little;1-320-635-4051;3712 Quinton Hill Suite 573, Montreal, QC, H6M6K7;5;Northern Streich University
joanne.lebsack10@mail.com;Joanne Lebsack;1-066-581-7024;7808 Olson Harbors Apt. 422, Montreal, QC, H3P4U1;8;Haag Institute
tamatha.morissette48@icloud.com;Tamatha Morissette;1-628-384-4502;1328 Zemlak Path Apt. 842, Montreal, QC, H3Q6B3;13;Western Yukon Institute
bennett.robel43@outlook.com;Bennett Robel;363-942-4268;590 Roberts Drive Suite 329, Montreal, QC, H7M8T3;5;North Ontario Institute
caridad.pouros79@icloud.com;Caridad Pouros;650-382-5905;17895 Herb Highway Suite 186, Montreal, QC, H0A2M7;14;Southern Schuster Institute
tracy.anderson68@icloud.com;Tracy Anderson;918-551-7038;5985 Buckridge Trace Apt. 463, Montreal, QC, H5I1Q5;10;Hirthe University
elton.yundt51@outlook.com;Elton Yundt;480-414-0368;271 Marks Pike Apt. 962, Montreal, QC, H5G8X9;10;Southern Senger College
gerard.lesch55@mail.com;Gerard Lesch;046-103-6647;3839 Daren Inlet Suite 358, Montreal, QC, H5P8N2;6;Pollich College
murray.considine21@gmail.com;Murray Considine;309-933-3380;7507 Seth Rue Suite 817, Montreal, QC, H2W1A8;6;Fisher College
patience.wisozk70@gmail.com;Patience Wisozk;1-169-332-3019;3029 Bartell Well Suite 254, Montreal, QC, H2M7N1;12;The Parisian
kiara.kiehn72@mail.com;Kiara Kiehn;1-057-366-5884;16073 Lashawna Drives Apt. 789, Montreal, QC, H1K1Y7;8;West Legros
yong.o'kon76@icloud.com;Yong O'Kon;644-576-2781;264 Rodriguez Springs Apt. 427, Montreal, QC, H9G3J5;6;The Vandervort Academy
blake.hilll02@mail.com;Blake Hilll;211-768-2504;52069 Larson Haven Apt. 589, Montreal, QC, H2N0E7;5;Eastern Runolfsdottir College
mikel.barrows74@mail.com;Mikel Barrows;465-879-6532;8137 Jacobi Fork Suite 961, Montreal, QC, H6U8W3;8;North Ontario Institute
lettie.goodwin66@icloud.com;Lettie Goodwin;682-791-1696;669 Olen Place Apt. 591, Montreal, QC, H2T8Y6;8;Corwin College
gretchen.mckenzie39@gmail.com;Gretchen McKenzie;888-978-3012;6048 Corwin Centers Apt. 081, Montreal, QC, H3R8Q8;7;The Vandervort Academy
georgette.cartwright50@gmail.com;Georgette Cartwright;1-699-203-9899;8494 Dacia Islands Apt. 073, Montreal, QC, H7V0C1;9;West Keebler
mathilda.kuhlman83@outlook.com;Mathilda Kuhlman;647-856-9840;91444 Bins Turnpike Suite 149, Montreal, QC, H6X0H2;10;South Ontario Institute
bonnie.senger57@outlook.com;Bonnie Senger;107-342-0282;67170 Roob Station Suite 150, Montreal, QC, H0A7Q9;14;West Newfoundland and Labrador University
joseph.hartmann12@outlook.com;Joseph Hartmann;1-586-439-7247;1357 Mike Islands Apt. 789, Montreal, QC, H9Y5Q4;14;North Quebec College
silva.walter04@mail.com;Silva Walter;194-538-6005;4230 Stoltenberg Plaza Suite 344, Montreal, QC, H6S2V9;8;Eastern Prince Edward Island University
dorotha.romaguera68@icloud.com;Dorotha Romaguera;153-948-6205;91054 Muller Creek Suite 542, Montreal, QC, H8M1E7;7;South Ontario Institute
eve.conn99@gmail.com;Eve Conn;333-065-5461;9844 German Skyway Suite 103, Montreal, QC, H1Z9J3;6;South Ontario Institute
valentine.deckow64@icloud.com;Valentine Deckow;798-097-8199;508 Sheilah Road Suite 339, Montreal, QC, H7D7M0;14;The Parisian
jorge.yundt47@icloud.com;Jorge Yundt;1-432-600-9788;426 Glory Mountains Suite 048, Montreal, QC, H7B6V7;7;East Boehm Academy
roselia.ebert72@mail.com;Roselia Ebert;005-540-2540;16420 Heller Passage Apt. 637, Montreal, QC, H0O5M4;5;Bailey University
kip.olson27@mail.com;Kip Olson;867-278-3518;9809 Schmeler Extension Apt. 347, Montreal, QC, H1K2D5;14;West Newfoundland and Labrador University
jamie.hickle61@outlook.com;Jamie Hickle;1-095-217-7081;365 Lamont Loaf Apt. 779, Montreal, QC, H8J8Y8;9;Pollich College
ora.jerde12@outlook.com;Ora Jerde;572-399-5917;4513 Oberbrunner Lock Suite 086, Montreal, QC, H0N5P1;11;East Krajcik Academy
angila.wyman74@gmail.com;Angila Wyman;479-167-0181;850 Long Springs Suite 835, Montreal, QC, H5Q0Q4;6;North Quebec College
gregorio.bergstrom19@outlook.com;Gregorio Bergstrom;749-387-8491;405 Tina Springs Apt. 076, Montreal, QC, H5Q9L9;12;The Parisian
brice.thompson03@outlook.com;Brice Thompson;283-729-9870;50083 Leif Club Suite 593, Montreal, QC, H7U7D3;8;Southern Senger College
dennis.robel30@mail.com;Dennis Robel;475-885-1880;96474 Lemke Manor Apt. 375, Montreal, QC, H3Y8L2;5;South Ontario Institute
theo.schumm45@icloud.com;Theo Schumm;1-797-626-4783;79650 Lolita Trace Apt. 088, Montreal, QC, H7L7F0;10;The Vandervort Academy
melissa.stracke57@gmail.com;Melissa Stracke;177-145-3471;658 Skiles Cove Apt. 317, Montreal, QC, H2E1L7;8;West Newfoundland and Labrador University
bradley.kihn01@mail.com;Bradley Kihn;456-678-5179;0660 Devon Vista Suite 271, Montreal, QC, H6V8L6;8;Goodwin Institute
daysi.mueller74@icloud.com;Daysi Mueller;1-140-545-9780;6984 Winford Mission Apt. 281, Montreal, QC, H9D0Z4;13;Eastern Prince Edward Island University
lane.lang11@icloud.com;Lane Lang;315-346-0336;302 Carter Tunnel Apt. 635, Montreal, QC, H1K2T9;12;Corwin College
rich.collins75@outlook.com;Rich Collins;797-742-7399;20610 Russel Divide Apt. 418, Montreal, QC, H1X4F4;6;Corwin College
joaquin.ritchie09@mail.com;Joaquin Ritchie;033-774-3137;9024 Hilpert Mountain Apt. 624, Montreal, QC, H2T5Z8;12;East Boehm Academy
billie.purdy63@icloud.com;Billie Purdy;804-586-4730;08761 Padberg Curve Suite 107, Montreal, QC, H3C9G0;10;Eastern Runolfsdottir College
daren.metz29@icloud.com;Daren Metz;317-098-8623;1334 Richard Drives Apt. 159, Montreal, QC, H0E0F1;8;Eastern Runolfsdottir College
sherill.johnson01@gmail.com;Sherill Johnson;171-669-9154;0830 Crist Shore Suite 700, Montreal, QC, H8B4W3;9;Eastern Runolfsdottir College
tracy.goodwin32@gmail.com;Tracy Goodwin;894-354-7736;6163 Karmen Summit Suite 295, Montreal, QC, H8Y8F7;9;The Vandervort Academy
hermine.romaguera29@outlook.com;Hermine Romaguera;759-513-2066;977 Harris Avenue Suite 522, Montreal, QC, H6K7P2;9;Goodwin Institute
kent.harber26@mail.com;Kent Harber;1-940-310-1532;187 Bahringer River Apt. 942, Montreal, QC, H0K8S4;5;North Quebec College
major.mcdermott55@icloud.com;Major McDermott;880-778-8877;77107 Marks Haven Suite 562, Montreal, QC, H4B0D5;9;The Green
zulma.luettgen06@outlook.com;Zulma Luettgen;1-698-990-4926;0097 Zieme Extension Apt. 832, Montreal, QC, H9S3C3;11;Bednar University
gail.rempel67@outlook.com;Gail Rempel;133-433-1531;4046 Kemmer Rapid Suite 292, Montreal, QC, H8Q4I3;11;West Legros
dwayne.brown06@outlook.com;Dwayne Brown;729-648-9759;71197 Hermiston Spur Apt. 565, Montreal, QC, H3J7E4;5;West Newfoundland and Labrador University
deja.lebsack19@icloud.com;Deja Lebsack;1-417-245-4641;9511 Lamonica Camp Suite 013, Montreal, QC, H6M8M4;9;North Quebec College
cheryl.stiedemann61@outlook.com;Cheryl Stiedemann;740-869-8960;10659 Samuel Parkway Suite 645, Montreal, QC, H4S7B7;9;Corwin University
oretha.schulist24@gmail.com;Oretha Schulist;066-951-4614;89527 Merri Rapid Apt. 287, Montreal, QC, H9A3W3;10;Eastern Brown
vannessa.marks98@outlook.com;Vannessa Marks;1-646-530-3050;311 Rolf Lock Apt. 614, Montreal, QC, H0R0H4;7;Southern Schuster Institute
refugio.langworth42@outlook.com;Refugio Langworth;1-632-566-9311;24021 Thomasine Knolls Apt. 153, Montreal, QC, H4F6K7;6;West Legros
dominick.wolff48@mail.com;Dominick Wolff;1-885-388-3283;2362 Kshlerin Oval Apt. 139, Montreal, QC, H5D5H5;5;East Yukon College
moshe.casper85@mail.com;Moshe Casper;264-108-7503;0938 Lawerence Burgs Apt. 711, Montreal, QC, H1R5B0;6;Hirthe University
malik.bode79@outlook.com;Malik Bode;705-437-7191;6952 Ziemann Shoal Suite 573, Montreal, QC, H0C0H3;9;Southern Schuster Institute
aldo.white86@icloud.com;Aldo White;172-544-6964;450 Dessie Terrace Apt. 481, Montreal, QC, H5Q6D0;9;The Green
lyn.marvin78@outlook.com;Lyn Marvin;530-563-7359;239 Isabel Throughway Suite 081, Montreal, QC, H2O1T4;11;Corwin College
kieth.konopelski38@gmail.com;Kieth Konopelski;154-217-9307;12965 Else Pass Apt. 141, Montreal, QC, H0K6V6;5;Eastern Runolfsdottir College
vanna.harris11@outlook.com;Vanna Harris;1-410-730-3326;660 Barney Turnpike Apt. 145, Montreal, QC, H6Y7E0;13;North Quebec College
thurman.rau34@icloud.com;Thurman Rau;348-638-9662;62166 Hauck Lakes Suite 734, Montreal, QC, H6R3C1;11;Corwin University
demetrius.kutch10@outlook.com;Demetrius Kutch;710-709-1343;6772 Runolfsson Point Suite 527, Montreal, QC, H5G4H8;13;Northern Streich University
shaunna.heller15@gmail.com;Shaunna Heller;852-172-2054;46200 Charita Lock Suite 119, Montreal, QC, H5Y0R3;7;Eastern Runolfsdottir College
cristopher.lindgren96@outlook.com;Cristopher Lindgren;424-906-8931;452 Oswaldo Stream Suite 653, Montreal, QC, H3Z5I5;6;Southern Senger College
takako.pfannerstill42@mail.com;Takako Pfannerstill;183-923-5643;493 Lueilwitz Turnpike Suite 852, Montreal, QC, H2O7K0;13;West Legros
antonia.hodkiewicz17@icloud.com;Antonia Hodkiewicz;258-677-2764;299 Kara Street Apt. 448, Montreal, QC, H7X4L6;8;Bednar University
colene.o'hara27@outlook.com;Colene O'Hara;833-144-5232;1320 Deedee Haven Apt. 437, Montreal, QC, H0M0J4;7;Bailey University
sharen.wuckert11@mail.com;Sharen Wuckert;1-535-309-3669;392 Perry Well Suite 172, Montreal, QC, H6C4U9;6;West Keebler
ronny.mayer22@mail.com;Ronny Mayer;1-970-650-0409;235 Laurena Junctions Apt. 353, Montreal, QC, H1B9H9;13;Eastern Prince Edward Island University
franchesca.cormier92@gmail.com;Franchesca Cormier;842-633-6827;186 Robel Light Suite 217, Montreal, QC, H5N5W7;14;Goodwin Institute
cyndy.robel71@outlook.com;Cyndy Robel;525-918-4856;860 Numbers Manor Suite 904, Montreal, QC, H0B1L1;7;Hirthe University
theodora.schulist42@outlook.com;Theodora Schulist;067-738-9338;7624 Marquitta Causeway Apt. 774, Montreal, QC, H6H2J7;5;South Quebec Institute
courtney.jast17@mail.com;Courtney Jast;885-762-9677;439 Rempel Courts Apt. 589, Montreal, QC, H5R3U0;11;West Keebler
imelda.auer69@icloud.com;Imelda Auer;353-975-2478;930 Pollich Falls Suite 903, Montreal, QC, H2W9T5;9;Pollich College
christene.erdman59@mail.com;Christene Erdman;827-991-1198;904 Abram Roads Apt. 169, Montreal, QC, H1K4R5;14;Bailey University
rosemarie.deckow95@outlook.com;Rosemarie Deckow;281-915-5803;10221 Velia Well Apt. 375, Montreal, QC, H9B7I0;7;West Newfoundland and Labrador University
raleigh.sauer43@icloud.com;Raleigh Sauer;124-134-6641;18703 Steuber Spring Suite 777, Montreal, QC, H6J7L8;7;West Newfoundland and Labrador University
billie.ziemann99@outlook.com;Billie Ziemann;1-189-281-0348;216 Jacobs Port Suite 052, Montreal, QC, H3F0I6;6;Northern Streich University
kevin.bahringer98@gmail.com;Kevin Bahringer;497-570-6581;9254 Stehr Prairie Apt. 679, Montreal, QC, H4K7O9;13;East Boehm Academy
frederic.glover07@gmail.com;Frederic Glover;251-105-0918;76694 See Motorway Suite 213, Montreal, QC, H6E7J7;13;Corwin University
clementina.keeling73@gmail.com;Clementina Keeling;656-591-5019;39983 Cruz Fall Suite 366, Montreal, QC, H3U3W7;10;West Keebler
morgan.leuschke86@mail.com;Morgan Leuschke;161-141-9259;190 Stracke Ridges Apt. 062, Montreal, QC, H5M2K8;11;South Ontario Institute
micheal.olson99@icloud.com;Micheal Olson;197-741-5188;3543 Ching Loaf Suite 347, Montreal, QC, H8A2S1;6;South Quebec Institute
arlinda.bernier42@outlook.com;Arlinda Bernier;345-558-5440;7945 Hugo Ridge Suite 525, Montreal, QC, H9O6L7;9;North Ontario Institute
israel.ankunding06@mail.com;Israel Ankunding;833-518-6784;111 Boyer Canyon Suite 960, Montreal, QC, H2V8R1;7;North Quebec College
penny.thiel71@outlook.com;Penny Thiel;1-627-206-8274;53721 Wiegand Road Suite 972, Montreal, QC, H4S0G4;9;East Boehm Academy
tristan.swaniawski14@mail.com;Tristan Swaniawski;664-494-0674;1033 Man Gateway Suite 185, Montreal, QC, H3F5Y4;11;South Ontario Institute
darline.wehner26@icloud.com;Darline Wehner;321-519-6974;47570 Walsh Roads Suite 850, Montreal, QC, H3G1X5;11;Fisher College
lashandra.hand81@outlook.com;Lashandra Hand;525-097-4461;650 Schumm Skyway Apt. 743, Montreal, QC, H3M4V7;9;Bednar University
tamie.toy63@mail.com;Tamie Toy;954-108-1862;52957 McGlynn Loop Apt. 572, Montreal, QC, H5R1J9;12;Eastern Brown
kieth.daugherty88@mail.com;Kieth Daugherty;1-152-002-5658;6903 Joan Gateway Apt. 014, Montreal, QC, H5V8H9;5;Larkin College
frankie.hagenes76@icloud.com;Frankie Hagenes;470-874-2712;3655 Hills Forest Apt. 495, Montreal, QC, H9S5E3;5;Bailey University
alvaro.schimmel88@icloud.com;Alvaro Schimmel;149-498-0628;5474 Skiles Pines Apt. 329, Montreal, QC, H9D7N4;5;Larkin College
corey.schaden44@icloud.com;Corey Schaden;1-971-785-7842;4572 Braun Curve Suite 790, Montreal, QC, H9R6C5;12;West Legros
chong.muller93@gmail.com;Chong Muller;1-714-436-7690;27748 Velia Oval Apt. 293, Montreal, QC, H9J5J4;13;West Keebler
wes.krajcik26@icloud.com;Wes Krajcik;1-140-761-3151;413 Cheri Mountains Apt. 843, Montreal, QC, H7A1C9;9;West Keebler
hiram.kessler10@icloud.com;Hiram Kessler;1-781-416-7121;534 Arianne Crossing Suite 942, Montreal, QC, H3U1O0;10;The Parisian
lazaro.kunze49@icloud.com;Lazaro Kunze;1-348-978-7832;93076 Ulysses Crossing Apt. 499, Montreal, QC, H4M9J1;12;South Quebec Institute
jesusita.green01@outlook.com;Jesusita Green;157-480-7116;250 Carmen Centers Suite 744, Montreal, QC, H6H3K7;6;East Yukon College
laverna.kuhlman19@gmail.com;Laverna Kuhlman;1-842-325-9173;058 Anton Street Suite 844, Montreal, QC, H9O7S3;7;Hirthe University
maurice.kshlerin81@icloud.com;Maurice Kshlerin;676-995-3031;29059 Scottie Mount Suite 515, Montreal, QC, H6Y1J9;8;Eastern Runolfsdottir College
jona.hahn24@mail.com;Jona Hahn;1-573-056-6268;6828 Gusikowski Land Suite 799, Montreal, QC, H1D6A8;11;Hirthe University
lindsay.kautzer89@mail.com;Lindsay Kautzer;805-873-3379;0498 Sherril Village Suite 644, Montreal, QC, H8K1X0;11;East Yukon College
danelle.batz93@icloud.com;Danelle Batz;848-361-6560;611 Ezequiel Fords Apt. 472, Montreal, QC, H2I6J1;7;Bednar University
candelaria.mraz29@gmail.com;Candelaria Mraz;659-797-6835;614 Bayer Mews Apt. 365, Montreal, QC, H2T6K2;11;Hirthe University
richard.douglas37@outlook.com;Richard Douglas;499-153-6765;57449 Stanton Valleys Apt. 277, Montreal, QC, H7P9R0;14;Southern Senger College
shannon.bartoletti86@outlook.com;Shannon Bartoletti;333-119-3948;7411 Arnette Harbors Apt. 396, Montreal, QC, H0P3U9;8;Eastern Runolfsdottir College
ranae.simonis18@mail.com;Ranae Simonis;494-555-9034;3919 Taryn Shoals Apt. 779, Montreal, QC, H1X6C8;11;South Ontario Institute
brent.cremin58@mail.com;Brent Cremin;099-212-0989;399 Classie Mountain Apt. 532, Montreal, QC, H1T7K3;8;East Krajcik Academy
laureen.nikolaus58@outlook.com;Laureen Nikolaus;506-774-4604;22921 Caleb Court Apt. 045, Montreal, QC, H6M1D6;6;South Ontario Institute
hyon.schuppe95@gmail.com;Hyon Schuppe;391-625-9011;5380 Aldo Way Apt. 642, Montreal, QC, H2L3P3;9;Northern Streich University
marcel.zieme19@outlook.com;Marcel Zieme;274-176-0735;30519 Mayert Trafficway Apt. 007, Montreal, QC, H8P3C2;11;South Ontario Institute
marlon.williamson74@gmail.com;Marlon Williamson;1-764-833-6618;251 Celina Summit Suite 244, Montreal, QC, H9U2V7;11;Hirthe University
wilmer.bartoletti37@gmail.com;Wilmer Bartoletti;583-842-8815;3952 Gibson Park Apt. 678, Montreal, QC, H4J6U8;6;Bednar University
clayton.bartoletti43@outlook.com;Clayton Bartoletti;985-954-3389;1905 Cristopher Islands Suite 386, Montreal, QC, H7X1Y9;10;The Green
laurence.hackett73@outlook.com;Laurence Hackett;1-137-658-8345;8901 Reed Mills Suite 376, Montreal, QC, H4A2X9;6;Bednar University
katherine.hodkiewicz02@icloud.com;Katherine Hodkiewicz;340-968-3496;5050 Jules Neck Suite 934, Montreal, QC, H7R8U5;14;Bailey University
roseanna.raynor17@gmail.com;Roseanna Raynor;1-886-161-8731;00739 Angelique Mall Apt. 716, Montreal, QC, H0S5H7;12;West Keebler
rosann.schamberger15@icloud.com;Rosann Schamberger;891-699-9521;5089 Mohr Circles Apt. 345, Montreal, QC, H8B2C4;6;Bednar University
clotilde.dickinson12@icloud.com;Clotilde Dickinson;729-231-4496;4499 Mckinley Tunnel Suite 991, Montreal, QC, H9N4X8;8;South Quebec Institute
louis.ullrich68@icloud.com;Louis Ullrich;742-466-4310;749 Isidro Road Suite 855, Montreal, QC, H1V7F4;13;South Ontario Institute
leo.sawayn33@outlook.com;Leo Sawayn;1-613-839-7044;0834 Humberto Inlet Apt. 728, Montreal, QC, H2B4T4;5;Bailey University
dion.hettinger40@outlook.com;Dion Hettinger;924-739-5507;30407 Saul Mountain Apt. 432, Montreal, QC, H5F2F7;10;Corwin University
alexis.rogahn40@gmail.com;Alexis Rogahn;790-983-0405;5580 Waylon Common Apt. 542, Montreal, QC, H5K4Z2;7;Goodwin Institute
juli.fahey78@icloud.com;Juli Fahey;314-038-8944;87526 Bernardo Hills Suite 329, Montreal, QC, H2R8S4;12;Corwin College
kayleigh.leuschke37@mail.com;Kayleigh Leuschke;508-370-7120;69728 Gaston Village Suite 686, Montreal, QC, H9W0K1;10;South Ontario Institute
isabelle.yost72@icloud.com;Isabelle Yost;524-364-5268;382 Reynolds Mission Suite 381, Montreal, QC, H0K7B5;12;Bednar University
delores.herman79@gmail.com;Delores Herman;415-280-5381;5034 Geneva Estates Apt. 506, Montreal, QC, H4O3I6;14;Southern Schuster Institute
kyle.torphy60@mail.com;Kyle Torphy;131-542-1260;020 Venice Dam Suite 326, Montreal, QC, H5E9J9;14;Bailey University
clora.wolf57@icloud.com;Clora Wolf;470-397-8240;498 Shasta Drive Suite 779, Montreal, QC, H3C2N9;13;Corwin University
gordon.sauer89@icloud.com;Gordon Sauer;081-319-3935;95923 Shields Village Apt. 114, Montreal, QC, H0Z2F3;8;Fisher College
lorrie.gutkowski77@outlook.com;Lorrie Gutkowski;114-066-3086;5091 Garth Locks Apt. 788, Montreal, QC, H5O3C3;10;Eastern Runolfsdottir College
justin.huel45@icloud.com;Justin Huel;1-065-468-5246;6846 Renay Tunnel Suite 660, Montreal, QC, H2X3S8;7;East Yukon College
deshawn.hand58@icloud.com;Deshawn Hand;117-343-0280;201 Maryjo Plain Apt. 318, Montreal, QC, H0M3B5;6;West Keebler
marceline.streich23@mail.com;Marceline Streich;023-321-3679;7586 Rolando Plaza Suite 954, Montreal, QC, H2Q3G2;11;Eastern Prince Edward Island University
mackenzie.wehner30@mail.com;Mackenzie Wehner;740-636-3020;29055 Sidney Manors Apt. 933, Montreal, QC, H1H6T4;12;Haag Institute
aaron.nicolas08@outlook.com;Aaron Nicolas;1-542-044-8463;527 Romaguera Turnpike Suite 826, Montreal, QC, H1S2K2;6;Fisher College
arianne.cartwright11@mail.com;Arianne Cartwright;1-118-536-0061;519 Pacocha Gardens Suite 781, Montreal, QC, H5H9V9;7;Northern Streich University
german.brakus59@mail.com;German Brakus;886-609-6651;345 Graham Court Apt. 539, Montreal, QC, H3G4J2;14;The Parisian
lucrecia.douglas49@gmail.com;Lucrecia Douglas;526-206-8604;85187 Grimes Turnpike Suite 329, Montreal, QC, H1H4J3;9;North Quebec College
trenton.kautzer84@mail.com;Trenton Kautzer;178-930-9715;67957 Krystin Fields Suite 694, Montreal, QC, H9S2E8;10;East Yukon College
marcelle.mccullough23@gmail.com;Marcelle McCullough;815-381-0318;123 Nida Common Apt. 749, Montreal, QC, H2O8U7;11;North Quebec College
stephen.bradtke15@outlook.com;Stephen Bradtke;105-178-2316;01476 Carroll Hollow Apt. 883, Montreal, QC, H6B3I4;6;Corwin University
eli.dubuque77@gmail.com;Eli DuBuque;440-450-6763;89980 Genie Shores Suite 413, Montreal, QC, H0Z6L2;6;The Green
zachery.hand43@gmail.com;Zachery Hand;644-735-5484;91192 Rohan Drive Apt. 872, Montreal, QC, H5K4X5;14;West Legros
ngoc.mccullough99@mail.com;Ngoc McCullough;226-452-8187;158 Hyatt Cliff Apt. 635, Montreal, QC, H7H6R9;14;Eastern Brown
dino.terry34@mail.com;Dino Terry;237-716-2424;9165 Ethel Neck Apt. 890, Montreal, QC, H1K6Z2;9;West Keebler
nita.mohr73@gmail.com;Nita Mohr;627-329-9103;248 Kathey Courts Suite 794, Montreal, QC, H2C3A5;5;North Ontario Institute
vella.ebert94@gmail.com;Vella Ebert;877-449-3465;97671 Tommy Stravenue Apt. 775, Montreal, QC, H3R1G5;14;East Krajcik Academy
lewis.stoltenberg52@outlook.com;Lewis Stoltenberg;230-283-3036;8846 Numbers Branch Suite 609, Montreal, QC, H9Z9R9;12;East Boehm Academy
antonia.schroeder86@icloud.com;Antonia Schroeder;1-810-814-9555;44958 Reichert Valleys Apt. 504, Montreal, QC, H3P3Y4;13;Haag Institute
isidro.harris86@mail.com;Isidro Harris;034-070-6447;5070 Kirlin Ville Suite 475, Montreal, QC, H2V6Z2;14;Fisher College
katrina.satterfield75@outlook.com;Katrina Satterfield;1-635-201-3395;209 Dorethea Mills Apt. 707, Montreal, QC, H6H7Q6;7;The Vandervort Academy
abigail.harvey48@gmail.com;Abigail Harvey;977-361-3173;810 Carter Harbors Suite 424, Montreal, QC, H5B5J8;14;Fisher College
benton.friesen64@outlook.com;Benton Friesen;451-420-6451;49229 Morissette Row Suite 129, Montreal, QC, H8T3V6;13;North Quebec College
melissa.pagac67@gmail.com;Melissa Pagac;1-582-183-5053;5027 Priscilla Trail Suite 701, Montreal, QC, H4N3C4;13;West Keebler
elina.hyatt19@gmail.com;Elina Hyatt;1-441-141-8595;485 Howe Throughway Suite 066, Montreal, QC, H5F7W4;10;South Quebec Institute
britt.hamill78@mail.com;Britt Hamill;743-838-4055;6622 Felicitas Route Suite 697, Montreal, QC, H5D1I6;6;Goodwin Institute
leif.rogahn16@gmail.com;Leif Rogahn;187-343-2322;812 Yelena Dale Suite 160, Montreal, QC, H0L6W7;14;Bailey University
mathew.ratke54@gmail.com;Mathew Ratke;030-537-4455;019 Gaston Plains Apt. 466, Montreal, QC, H5T8Y0;13;Hirthe University
rusty.dicki17@mail.com;Rusty Dicki;312-725-7575;72247 Bonita Gateway Apt. 305, Montreal, QC, H2V2B1;11;Pollich College
ismael.crona59@mail.com;Ismael Crona;902-357-6572;2416 Clinton Unions Apt. 035, Montreal, QC, H0R9J9;8;Northern Streich University
vennie.abshire55@outlook.com;Vennie Abshire;968-190-7893;585 Arleen Light Apt. 523, Montreal, QC, H7L3E1;13;Goodwin Institute
lloyd.prohaska65@icloud.com;Lloyd Prohaska;988-358-3274;71539 Volkman Meadows Suite 854, Montreal, QC, H9M4W9;13;Bailey University
maud.kuvalis92@gmail.com;Maud Kuvalis;038-250-8226;8322 Evangeline Glens Apt. 139, Montreal, QC, H5V2W2;8;Bailey University
jude.wiegand61@icloud.com;Jude Wiegand;1-183-150-7984;7552 Britany Radial Suite 908, Montreal, QC, H5H7S5;14;Eastern Prince Edward Island University
demetria.macejkovic87@outlook.com;Demetria Macejkovic;716-725-0823;562 Bailey Mall Suite 500, Montreal, QC, H9S7H8;7;Haag Institute
erich.west41@outlook.com;Erich West;155-793-1566;648 Dickens Keys Apt. 626, Montreal, QC, H9T2W1;7;Southern Senger College
haywood.lubowitz02@icloud.com;Haywood Lubowitz;038-876-4652;4374 Agripina Lights Suite 509, Montreal, QC, H5V0N8;6;East Krajcik Academy
robbi.ortiz32@outlook.com;Robbi Ortiz;674-789-9262;8793 Krajcik Station Apt. 518, Montreal, QC, H1S5R5;12;East Yukon College
aiko.gottlieb87@gmail.com;Aiko Gottlieb;482-594-7143;719 Benton Bypass Suite 187, Montreal, QC, H8U1I7;7;The Vandervort Academy
cary.berge20@outlook.com;Cary Berge;330-074-0207;0435 Prohaska Estates Apt. 810, Montreal, QC, H4S1F1;13;North Quebec College
armida.zboncak89@gmail.com;Armida Zboncak;082-924-9545;073 Considine Stravenue Suite 448, Montreal, QC, H4Z7R1;9;Fisher College
lowell.wintheiser84@icloud.com;Lowell Wintheiser;146-628-4734;7395 Witting Vista Apt. 628, Montreal, QC, H7V0C4;12;Hirthe University
drew.funk70@mail.com;Drew Funk;250-621-3409;68696 Harris Groves Suite 670, Montreal, QC, H3S6T2;13;Northern Streich University
aleisha.walsh82@mail.com;Aleisha Walsh;491-610-5515;6720 Hagenes Glen Suite 726, Montreal, QC, H4W3X6;14;South Ontario Institute
lauran.schroeder25@mail.com;Lauran Schroeder;100-302-5832;7177 Simonis Motorway Apt. 595, Montreal, QC, H5I7J4;6;North Quebec College
agueda.rempel31@gmail.com;Agueda Rempel;1-264-936-5814;6976 Baumbach Courts Suite 469, Montreal, QC, H5G2D3;6;The Vandervort Academy
clarence.goodwin83@outlook.com;Clarence Goodwin;1-000-869-5925;7771 Darryl Circle Apt. 371, Montreal, QC, H8U7Q8;8;Goodwin Institute
akilah.huels87@gmail.com;Akilah Huels;996-133-7453;6382 Gutmann Manor Suite 850, Montreal, QC, H4T6S2;6;Fisher College
cris.spinka88@mail.com;Cris Spinka;489-028-5766;799 Bogisich Parks Apt. 384, Montreal, QC, H8X4V2;13;Hirthe University
julie.ernser54@gmail.com;Julie Ernser;890-883-8572;194 Heathcote Spur Apt. 991, Montreal, QC, H2C2W5;9;Fisher College
horacio.turcotte04@icloud.com;Horacio Turcotte;342-369-1780;77663 Lind Walks Suite 295, Montreal, QC, H1F3I6;14;West Newfoundland and Labrador University
rosalee.dare80@icloud.com;Rosalee Dare;1-894-085-9906;594 Ross Ridges Apt. 116, Montreal, QC, H0B4I5;12;Pollich College
vaughn.rau15@gmail.com;Vaughn Rau;202-367-7075;835 Erich Pass Apt. 964, Montreal, QC, H3Q1K8;14;West Keebler
cathern.muller79@outlook.com;Cathern Muller;893-801-1419;960 Leon Point Apt. 283, Montreal, QC, H5N2J2;14;North Ontario Institute
fritz.langworth14@outlook.com;Fritz Langworth;312-463-8824;6845 Keeling Station Apt. 984, Montreal, QC, H9S2J0;8;Corwin University
cathrine.keebler95@outlook.com;Cathrine Keebler;1-892-451-2434;5190 Swaniawski Falls Suite 829, Montreal, QC, H6Z6Q3;5;Larkin College
hai.walker15@icloud.com;Hai Walker;1-111-202-4082;70771 Aracelis Run Apt. 014, Montreal, QC, H1E0Z4;9;Corwin University
maryrose.kunze06@icloud.com;Maryrose Kunze;342-351-9192;2995 Nilsa Greens Apt. 890, Montreal, QC, H5A3X5;9;Goodwin Institute
gabriele.nitzsche11@icloud.com;Gabriele Nitzsche;1-202-154-1574;6881 Veum Village Apt. 573, Montreal, QC, H1A3N9;7;North Ontario Institute
moriah.funk99@mail.com;Moriah Funk;494-226-8657;28532 VonRueden Knoll Apt. 794, Montreal, QC, H6A6S5;10;Southern Senger College
jewell.gutkowski46@gmail.com;Jewell Gutkowski;508-777-7813;7989 Lucille Cliffs Suite 644, Montreal, QC, H0O6V2;7;Bednar University
burt.kuvalis47@mail.com;Burt Kuvalis;208-319-7915;4933 Carroll Extension Suite 086, Montreal, QC, H5B9D0;6;East Krajcik Academy
lilliam.funk13@gmail.com;Lilliam Funk;520-446-8028;2876 Kemmer Loop Apt. 026, Montreal, QC, H4Y5L0;8;The Vandervort Academy
darin.rolfson65@gmail.com;Darin Rolfson;688-041-4535;357 Schaden River Suite 300, Montreal, QC, H6I7H0;14;Eastern Prince Edward Island University
gussie.kemmer07@mail.com;Gussie Kemmer;739-166-3221;427 West Mission Suite 453, Montreal, QC, H4Y9B8;13;South Ontario Institute
darin.mraz74@icloud.com;Darin Mraz;1-686-184-9524;77316 Grant Shores Suite 733, Montreal, QC, H5D4X6;5;Corwin University
sabina.abbott70@mail.com;Sabina Abbott;372-088-8338;88424 Kunze Road Suite 387, Montreal, QC, H5B0H7;8;Eastern Prince Edward Island University
anya.aufderhar86@mail.com;Anya Aufderhar;856-995-0284;51159 Cummerata Rue Apt. 753, Montreal, QC, H9I1Y5;7;South Quebec Institute
desiree.schneider73@icloud.com;Desiree Schneider;1-461-729-5133;53153 Smith Tunnel Apt. 343, Montreal, QC, H9R1S8;11;Pollich College
lili.adams29@outlook.com;Lili Adams;567-561-6173;3750 Gleason Trafficway Suite 346, Montreal, QC, H0H0J4;5;West Newfoundland and Labrador University
mahalia.toy93@icloud.com;Mahalia Toy;1-286-992-9291;5873 Keven Way Apt. 462, Montreal, QC, H5S1I4;7;Larkin College
winnie.leannon59@icloud.com;Winnie Leannon;1-364-998-3454;982 Purdy Estates Apt. 800, Montreal, QC, H9P8W2;6;The Parisian
hobert.pagac18@mail.com;Hobert Pagac;849-918-3780;6996 Walker Shore Apt. 123, Montreal, QC, H9C4A8;10;North Ontario Institute
keenan.reichert07@outlook.com;Keenan Reichert;391-030-1429;0620 Mervin Terrace Suite 366, Montreal, QC, H9Q9K0;13;East Boehm Academy
trish.heathcote92@outlook.com;Trish Heathcote;967-111-7443;7504 Lydia Mills Suite 407, Montreal, QC, H8W8N6;11;Hirthe University
darci.sporer76@gmail.com;Darci Sporer;722-124-9618;718 Monique Cliffs Apt. 032, Montreal, QC, H5X2A3;14;East Krajcik Academy
cedrick.gorczany76@outlook.com;Cedrick Gorczany;050-768-8940;44401 Ayako Plains Suite 016, Montreal, QC, H0K0H8;12;Northern Streich University
beau.rath46@mail.com;Beau Rath;991-681-9087;2632 Evelia Roads Apt. 448, Montreal, QC, H7T5R6;6;Southern Senger College
ralph.mueller97@outlook.com;Ralph Mueller;353-030-5580;987 Smitham Forks Apt. 470, Montreal, QC, H1U1H7;7;Haag Institute
brinda.rolfson57@gmail.com;Brinda Rolfson;930-775-9790;4246 Bosco Valley Suite 287, Montreal, QC, H3M3R1;6;East Yukon College
jan.bradtke26@outlook.com;Jan Bradtke;862-628-9055;88835 Monroe Valleys Suite 684, Montreal, QC, H3I8A8;7;The Parisian
mi.green24@mail.com;Mi Green;168-630-9483;9175 Christoper Course Suite 236, Montreal, QC, H4J0U3;11;Eastern Brown
tandy.feest71@gmail.com;Tandy Feest;410-930-5671;6558 Tamica Alley Apt. 289, Montreal, QC, H3C5I3;13;Bednar University
kiyoko.balistreri25@mail.com;Kiyoko Balistreri;480-055-4343;0133 Elfrieda Gateway Suite 509, Montreal, QC, H9K3U8;9;East Boehm Academy
joey.mertz59@gmail.com;Joey Mertz;468-800-2761;086 Sean Drive Apt. 680, Montreal, QC, H2T6L4;6;South Ontario Institute
cordell.schmidt55@mail.com;Cordell Schmidt;1-918-822-3879;45743 Paz Land Suite 194, Montreal, QC, H5W9Y1;13;West Keebler
quentin.heathcote60@mail.com;Quentin Heathcote;510-926-0767;0529 D'Amore Oval Suite 601, Montreal, QC, H7Q1Q6;8;North Ontario Institute
lavern.connelly66@icloud.com;Lavern Connelly;1-052-586-5160;364 Jerica Mills Suite 189, Montreal, QC, H8G3J9;14;Goodwin Institute
emilia.larson64@gmail.com;Emilia Larson;1-874-156-2740;36393 Anitra Grove Suite 802, Montreal, QC, H9V4B1;10;Pollich College
izetta.gleason16@mail.com;Izetta Gleason;436-696-6585;6442 Gayle Stravenue Suite 802, Montreal, QC, H7Y4T0;9;Eastern Prince Edward Island University
jamel.bode66@outlook.com;Jamel Bode;968-542-2741;8293 Greenfelder Branch Suite 157, Montreal, QC, H1F5B4;11;The Vandervort Academy
jospeh.jacobi27@gmail.com;Jospeh Jacobi;110-543-5024;67107 Upton Falls Apt. 690, Montreal, QC, H1B5C3;10;Southern Schuster Institute
allie.dach57@gmail.com;Allie Dach;133-683-0083;55770 Huel Manor Apt. 613, Montreal, QC, H3K1M1;5;Fisher College
maritza.stanton50@outlook.com;Maritza Stanton;1-135-439-5313;585 Fisher Landing Suite 344, Montreal, QC, H7Q8Y9;8;Northern Streich University
devon.upton01@icloud.com;Devon Upton;122-496-6511;0152 Eric Village Apt. 833, Montreal, QC, H2F0X2;6;West Keebler
stephaine.brekke14@mail.com;Stephaine Brekke;875-440-0584;4079 Jarod Fords Apt. 067, Montreal, QC, H7G7P8;6;South Quebec Institute
travis.okuneva36@outlook.com;Travis Okuneva;1-811-455-9859;5209 Iris Path Suite 285, Montreal, QC, H9G8L8;6;Fisher College
eustolia.blick90@mail.com;Eustolia Blick;101-398-4328;7371 Shenika Place Apt. 109, Montreal, QC, H0O2H0;9;Eastern Runolfsdottir College
erich.miller44@outlook.com;Erich Miller;575-541-4756;49630 Dibbert Viaduct Apt. 811, Montreal, QC, H4B8N3;13;The Green
williams.kilback88@mail.com;Williams Kilback;564-786-5394;52843 Oswaldo Wells Apt. 812, Montreal, QC, H5N4S4;7;Goodwin Institute
awilda.frami45@gmail.com;Awilda Frami;019-078-0955;499 Janyce Plains Suite 490, Montreal, QC, H2G5R4;11;Hirthe University
nigel.weber35@outlook.com;Nigel Weber;1-373-999-9256;37487 Douglas Estates Apt. 987, Montreal, QC, H1L8F7;7;Hirthe University
bernardo.jacobson85@mail.com;Bernardo Jacobson;1-048-043-6230;6401 Wiegand Manor Apt. 796, Montreal, QC, H9N5S1;6;Haag Institute
mack.botsford83@icloud.com;Mack Botsford;528-808-1310;2201 Prosacco Isle Apt. 036, Montreal, QC, H6F1R5;11;Eastern Runolfsdottir College
kelley.mcglynn24@mail.com;Kelley McGlynn;034-455-3804;062 Saul Run Suite 858, Montreal, QC, H0C9D1;14;Corwin University
guy.schiller98@icloud.com;Guy Schiller;1-750-010-3202;889 Hai Island Suite 939, Montreal, QC, H9K1A9;5;East Krajcik Academy
ernest.halvorson32@gmail.com;Ernest Halvorson;982-185-7458;34323 Jaleesa Parks Suite 088, Montreal, QC, H8Q0Q3;12;Bailey University
adalberto.glover75@gmail.com;Adalberto Glover;747-845-7971;55531 Johnston Prairie Apt. 045, Montreal, QC, H9B7C7;5;West Keebler
lorraine.bogan67@icloud.com;Lorraine Bogan;348-627-1747;608 Hettinger Summit Apt. 949, Montreal, QC, H0B6E6;5;Eastern Prince Edward Island University
chance.mcdermott63@gmail.com;Chance McDermott;885-701-9204;096 Leffler Knoll Suite 602, Montreal, QC, H3W1S2;14;The Green
sammie.ortiz87@gmail.com;Sammie Ortiz;591-927-8499;7331 Goyette Highway Suite 945, Montreal, QC, H1Q3B4;7;Western Yukon Institute
jon.walker99@outlook.com;Jon Walker;1-538-893-8736;01648 Beier Expressway Apt. 458, Montreal, QC, H0C7Y9;7;West Newfoundland and Labrador University
myung.toy42@icloud.com;Myung Toy;759-447-4803;164 Muller Track Apt. 410, Montreal, QC, H2J4M7;10;West Legros
quincy.wolff82@outlook.com;Quincy Wolff;1-142-635-5862;1431 Greenfelder Route Suite 485, Montreal, QC, H4J3F0;11;South Quebec Institute
maynard.o'keefe12@gmail.com;Maynard O'Keefe;345-836-6009;04316 Daniella Estate Apt. 072, Montreal, QC, H4D4Y8;9;Bednar University
catharine.mueller87@mail.com;Catharine Mueller;1-066-245-0758;1305 Mertz Cove Apt. 665, Montreal, QC, H3Z8V9;7;Western Yukon Institute
laverne.anderson31@mail.com;Laverne Anderson;359-802-8443;222 Zulauf Ridge Suite 909, Montreal, QC, H7O5Z4;6;East Yukon College
jude.hartmann93@gmail.com;Jude Hartmann;039-115-3237;20685 Loise Meadow Apt. 776, Montreal, QC, H6H8E5;10;West Keebler
theressa.maggio48@icloud.com;Theressa Maggio;732-864-5915;725 Jarrett Skyway Suite 871, Montreal, QC, H4H8L7;10;Western Yukon Institute
chere.white79@icloud.com;Chere White;1-052-045-5347;0318 Pfeffer Rue Apt. 493, Montreal, QC, H5S7L7;11;East Boehm Academy
yasuko.yost85@gmail.com;Yasuko Yost;726-548-3125;82485 Dave Loaf Apt. 686, Montreal, QC, H9J0X5;11;Eastern Runolfsdottir College
shaunda.mayer85@gmail.com;Shaunda Mayer;1-087-602-5600;5081 Jonah Trail Suite 764, Montreal, QC, H3P0Y7;11;The Green
blossom.kub08@icloud.com;Blossom Kub;761-343-1538;054 Hoppe Extension Apt. 629, Montreal, QC, H8F0B6;10;Southern Senger College
donny.bins19@mail.com;Donny Bins;790-118-9753;5625 Rippin Spurs Suite 253, Montreal, QC, H3U2O3;10;The Green
dong.hackett14@icloud.com;Dong Hackett;1-087-264-6344;17464 Austin Center Apt. 564, Montreal, QC, H1V7B9;7;East Yukon College
rueben.walker75@mail.com;Rueben Walker;652-215-0275;45111 Shelba Mission Suite 706, Montreal, QC, H8I0C1;13;Corwin University
jillian.rodriguez51@outlook.com;Jillian Rodriguez;883-259-4663;22337 Runolfsdottir Key Suite 344, Montreal, QC, H0S1W6;13;Bednar University
odilia.streich54@gmail.com;Odilia Streich;935-609-3318;39975 Heathcote Curve Suite 373, Montreal, QC, H8H1S8;10;West Newfoundland and Labrador University
billie.leffler81@mail.com;Billie Leffler;708-981-4407;641 Tereasa Centers Apt. 800, Montreal, QC, H3O3Z8;5;Eastern Prince Edward Island University
clementine.o'hara12@icloud.com;Clementine O'Hara;182-792-5626;46463 Gaylord Orchard Suite 844, Montreal, QC, H5R1P6;13;South Quebec Institute
jayson.pagac67@gmail.com;Jayson Pagac;418-743-6768;02575 Bogan Knoll Suite 525, Montreal, QC, H5J5D6;6;Fisher College
virgie.roberts12@gmail.com;Virgie Roberts;1-637-519-6704;55293 Blanda Glen Apt. 332, Montreal, QC, H7B9H5;11;Southern Schuster Institute
aldo.armstrong58@icloud.com;Aldo Armstrong;714-682-5728;63709 Dustin Dam Apt. 779, Montreal, QC, H5Z1W4;11;Goodwin Institute
elina.jones45@gmail.com;Elina Jones;482-491-0777;903 Glennis Knolls Apt. 392, Montreal, QC, H9R0O3;13;West Newfoundland and Labrador University
lamont.denesik25@mail.com;Lamont Denesik;1-164-986-5589;05857 O'Reilly Squares Suite 590, Montreal, QC, H7T8C5;14;West Keebler
francesco.friesen07@icloud.com;Francesco Friesen;719-102-9969;39124 Demetra Mews Apt. 959, Montreal, QC, H7F7G2;5;Eastern Prince Edward Island University
william.bogisich40@gmail.com;William Bogisich;1-497-925-9360;487 Genevieve Cliff Apt. 118, Montreal, QC, H1R7Q2;7;Hirthe University
elwood.mertz23@mail.com;Elwood Mertz;1-042-435-2589;2481 Fisher Skyway Apt. 579, Montreal, QC, H4B7Q8;9;Corwin College
ronda.schamberger70@icloud.com;Ronda Schamberger;946-936-4323;6398 Osinski Bypass Suite 287, Montreal, QC, H9A4Q0;13;Hirthe University
yen.mosciski39@icloud.com;Yen Mosciski;1-354-335-1978;5080 Librada Point Suite 213, Montreal, QC, H9Q5G8;9;Corwin University
earle.moore39@outlook.com;Earle Moore;229-669-7396;9969 Toccara Knoll Suite 911, Montreal, QC, H2Z3X5;8;Hirthe University
harry.romaguera20@outlook.com;Harry Romaguera;624-487-9278;0230 Blanda Canyon Apt. 214, Montreal, QC, H4H3K5;6;West Keebler
zenobia.zboncak47@outlook.com;Zenobia Zboncak;317-799-6588;2228 Mills Shore Suite 144, Montreal, QC, H5G5S7;5;West Legros
bobbye.langworth50@outlook.com;Bobbye Langworth;130-438-8522;89202 Roselle Run Suite 713, Montreal, QC, H3O3T5;6;South Quebec Institute
bula.schamberger73@icloud.com;Bula Schamberger;509-899-9129;79312 Pablo Isle Suite 057, Montreal, QC, H3B7U8;5;South Ontario Institute
jon.schneider87@icloud.com;Jon Schneider;221-025-7938;924 Carlee Overpass Apt. 749, Montreal, QC, H8U2F2;9;The Parisian
cythia.connelly61@outlook.com;Cythia Connelly;806-513-7078;3412 Newton Green Apt. 166, Montreal, QC, H9V5L7;8;West Newfoundland and Labrador University
tari.daniel71@mail.com;Tari Daniel;538-130-0182;2348 Quigley Plains Suite 801, Montreal, QC, H3M9L9;9;Pollich College
nora.johnson33@gmail.com;Nora Johnson;330-321-3209;1057 Lindgren Heights Suite 924, Montreal, QC, H6N4C1;11;Corwin College
antoine.dibbert24@icloud.com;Antoine Dibbert;373-336-7998;50341 Will Station Apt. 932, Montreal, QC, H8K5H0;9;East Yukon College
jean.mccullough74@gmail.com;Jean McCullough;413-632-2167;860 Irina Mountain Apt. 562, Montreal, QC, H4D0U1;9;West Newfoundland and Labrador University
